{"0.7103284555754823":{"user_id":3},"0.3712431383328727":{"user_id":3},"0.06253357294213457":{"user_id":2}}